{"test/width_99_y0":66465.95216151047,"test/coverage_95_y0":1,"test/width_95_y1":266122.1355518382,"train/step":500,"test/width_95_y0":54848.87225627806,"test/rmse_y0":8185.406343727664,"test/rmse_y1":10425.20435432007,"val/diffusion_loss":0.5412991046905518,"propnet/train_loss":0.3955788513024648,"propnet/step":201,"train/diffusion_loss":0.6169496774673462,"_wandb":{"runtime":35},"test/coverage_99_y0":1,"test/pehe":13161.552346452023,"test/coverage_99_y1":1,"propnet/val_loss":0.4365617632865906,"_step":701,"val/total_loss":0.5412991046905518,"_runtime":35,"test/width_99_y1":312986.27559442073,"train/total_loss":0.6169496774673462,"test/coverage_95_y1":1,"_timestamp":1.7848998235700698e+09}