{"test/width_99_y0":46489.567755615804,"test/coverage_95_y0":1,"_timestamp":1.784841365506263e+09,"test/coverage_99_y1":1,"test/rmse_y0":4219.747961728455,"test/width_99_y1":317448.28892442584,"test/coverage_99_y0":1,"test/coverage_95_y1":1,"test/pehe":11173.693960868055,"propensity/train_loss":0.2631981546680133,"_step":999,"_runtime":22,"test/width_95_y0":33985.949030773714,"_wandb":{"runtime":22},"test/width_95_y1":267315.06962499954,"propensity/val_loss":0.4954477846622467,"test/rmse_y1":13059.81875501317}