{"_runtime":33,"train/step":500,"_wandb":{"runtime":33},"train/total_loss":0.6046943128108978,"test/width_99_y0":68179.6014914685,"_timestamp":1.7848952207559378e+09,"test/coverage_95_y1":1,"test/coverage_99_y0":1,"test/coverage_99_y1":1,"propnet/val_loss":0.4362463057041168,"val/total_loss":0.5509752631187439,"test/width_95_y0":54239.357665125746,"test/width_99_y1":314673.4543149881,"_step":701,"val/diffusion_loss":0.5509752631187439,"train/diffusion_loss":0.6046943128108978,"propnet/train_loss":0.3860638091961543,"test/coverage_95_y0":1,"test/rmse_y0":7110.208322977298,"propnet/step":201,"test/width_95_y1":266757.3438553177,"test/pehe":13196.431787531124,"test/rmse_y1":10717.282042406034}