{"propnet/step":201,"train/diffusion_loss":0.28597319722175596,"test/width_95_y0":219810.49017204344,"val/diffusion_loss":0.29660773277282715,"test/width_95_y1":151828.23348298296,"val/total_loss":0.29660773277282715,"test/pehe":10855.535190946888,"propnet/train_loss":0.5286386211713155,"_timestamp":1.7849013398482037e+09,"train/step":500,"test/width_99_y0":261226.28563720733,"test/rmse_y0":10242.206251017633,"_step":701,"test/coverage_99_y0":1,"_wandb":{"runtime":36},"test/coverage_95_y0":1,"test/coverage_95_y1":1,"test/rmse_y1":11465.892499608337,"test/width_99_y1":186840.15277578682,"propnet/val_loss":0.6170060634613037,"train/total_loss":0.28597319722175596,"test/coverage_99_y1":1,"_runtime":36}