{
  "coverage_95_y0": 1.0,
  "coverage_95_y1": 1.0,
  "width_95_y0": 54239.357665125746,
  "width_95_y1": 266757.3438553177,
  "coverage_99_y0": 1.0,
  "coverage_99_y1": 1.0,
  "width_99_y0": 68179.6014914685,
  "width_99_y1": 314673.4543149881,
  "rmse_y0": 7110.208322977298,
  "rmse_y1": 10717.282042406034,
  "pehe": 13196.431787531124
}