{
  "coverage_95_y0": 1.0,
  "coverage_95_y1": 1.0,
  "width_95_y0": 54848.87225627806,
  "width_95_y1": 266122.1355518382,
  "coverage_99_y0": 1.0,
  "coverage_99_y1": 1.0,
  "width_99_y0": 66465.95216151047,
  "width_99_y1": 312986.27559442073,
  "rmse_y0": 8185.406343727664,
  "rmse_y1": 10425.20435432007,
  "pehe": 13161.552346452023
}