{
  "coverage_95_y0": 1.0,
  "coverage_95_y1": 1.0,
  "width_95_y0": 219810.49017204344,
  "width_95_y1": 151828.23348298296,
  "coverage_99_y0": 1.0,
  "coverage_99_y1": 1.0,
  "width_99_y0": 261226.28563720733,
  "width_99_y1": 186840.15277578682,
  "rmse_y0": 10242.206251017633,
  "rmse_y1": 11465.892499608337,
  "pehe": 10855.535190946888
}