{
  "coverage_95_y0": 1.0,
  "coverage_95_y1": 1.0,
  "width_95_y0": 49940.12585039344,
  "width_95_y1": 268070.1617775634,
  "coverage_99_y0": 1.0,
  "coverage_99_y1": 1.0,
  "width_99_y0": 63448.11278280616,
  "width_99_y1": 315479.83893812075,
  "rmse_y0": 7392.554296319489,
  "rmse_y1": 10549.088144257665,
  "pehe": 13100.493632381083
}