{
  "coverage_95_y0": 1.0,
  "coverage_95_y1": 1.0,
  "width_95_y0": 33985.949030773714,
  "width_95_y1": 267315.06962499954,
  "coverage_99_y0": 1.0,
  "coverage_99_y1": 1.0,
  "width_99_y0": 46489.567755615804,
  "width_99_y1": 317448.28892442584,
  "rmse_y0": 4219.747961728455,
  "rmse_y1": 13059.81875501317,
  "pehe": 11173.693960868055
}