{"test/rmse_y1":10549.088144257665,"test/coverage_99_y0":1,"propensity/val_loss":0.4440896213054657,"test/coverage_95_y0":1,"test/rmse_y0":7392.554296319489,"val/total_loss":0.5318835377693176,"test/pehe":13100.493632381083,"_runtime":36,"test/width_95_y1":268070.1617775634,"propensity/train_loss":0.3922268549601237,"val/diffusion_loss":0.5318835377693176,"test/width_99_y1":315479.83893812075,"_timestamp":1.7848891708084168e+09,"test/coverage_95_y1":1,"_wandb":{"runtime":36},"train/total_loss":0.6028676271438599,"test/width_95_y0":49940.12585039344,"test/width_99_y0":63448.11278280616,"train/diffusion_loss":0.6028676271438599,"_step":734,"propnet/step":234,"train/step":499,"test/coverage_99_y1":1}